{
  "g.event.ability.shield":{"category":"ambient", "stream": true,"sounds":["grush/event/ability/shield"]},
  "g.event.ability.teleport":{"category":"ambient", "stream": true,"sounds":["grush/event/ability/teleport"]},
  "g.event.ability.rage":{"category":"ambient", "stream": true,"sounds":["grush/event/ability/rage"]},
  "g.event.ability.steadyaim":{"category":"ambient", "stream": true,"sounds":["grush/event/ability/steadyaim"]},
  "g.event.ability.cloak":{"category":"ambient", "stream": true,"sounds":["grush/event/ability/cloak"]},
  "g.event.ability.heal":{"category":"ambient", "stream": true,"sounds":["grush/event/ability/heal"]},
  "g.event.capture.capture":{"category":"ambient", "stream": true,"sounds":["grush/event/capture/capture"]},
  "g.event.experience.earn":{"category":"ambient", "stream": true,"sounds":["grush/event/experience/earn"]},
  "g.event.experience.rankup":{"category":"ambient", "stream": true,"sounds":["grush/event/experience/rankup"]},
  "g.event.combat.kill":{"category":"ambient", "stream": true,"sounds":["grush/event/combat/kill"]},
  "g.event.combat.block":{"category":"ambient", "stream": true,"sounds":["grush/event/combat/block"]},
  "g.event.combat.insanekill":{"category":"ambient", "stream": true,"sounds":["grush/event/combat/insanekill"]},
  "g.event.ui.click":{"category":"ambient", "stream": true,"sounds":["grush/event/ui/click"]},
  "g.event.ui.action":{"category":"ambient", "stream": true,"sounds":["grush/event/ui/action"]},
  "g.event.ui.close":{"category":"ambient", "stream": true,"sounds":["grush/event/ui/close"]},
  "g.event.ui.open":{"category":"ambient", "stream": true,"sounds":["grush/event/ui/open"]},
  "g.event.ui.fail":{"category":"ambient", "stream": true,"sounds":["grush/event/ui/fail"]},
  "g.event.hud.teleport":{"category":"ambient", "stream": true,"sounds":["grush/event/hud/teleport"]},
  "g.event.hud.clear":{"category":"ambient", "stream": true,"sounds":["grush/event/hud/clear"]},
  "g.event.region.capture":{"category":"ambient", "stream": true,"sounds":["grush/event/region/capture"]},
  "g.event.region.lost":{"category":"ambient", "stream": true,"sounds":["grush/event/region/lost"]},
  "g.event.kill": {
    "category": "neutral",
    "sounds": [
      "grush/event/kill/kill1",
      "grush/event/kill/kill2",
      "grush/event/kill/kill3"
    ]
  },
  "random.bow": {
    "category": "neutral",
    "sounds": [
      "random/bow"
    ]
  },
  "random.bowhit": {
    "category": "neutral",
    "sounds": [
      "random/bowhit1",
      "random/bowhit2",
      "random/bowhit3",
      "random/bowhit4"
    ]
  }
}